country,rate_type,old_rate,new_rate,effective_date,announced_date,status,reason,description,source,source_url,official_document
BG,reduced,9,20,2025-01-01,,enacted,Temporary measure ended,"Restaurant and catering services leave the temporary 9% rate, which applied until 31 December 2024, and are taxed at the standard 20% rate.",European Commission TEDB (rates reported by Bulgaria),https://ec.europa.eu/taxation_customs/tedb/#/vat-search,"Bulgarian VAT Act, temporary reduced rate until 31 December 2024, as reported to the European Commission (TEDB)"
DE,reduced,19,7,2025-01-01,2024-12-05,enacted,,"Supplies of works of art, collectors' items and antiques, which were taxed at 19% when sold by dealers, are taxed at the 7% rate again for all suppliers.",Bundesgesetzblatt,https://www.recht.bund.de/bgbl/1/2024/387/VO.html,"Jahressteuergesetz 2024, BGBl. 2024 I Nr. 387, Art. 25 (UStG § 12 Abs. 2 Nr. 1, 12 and 13)"
EE,reduced,9,13,2025-01-01,2023-06-19,enacted,,"Accommodation services, with or without breakfast, move from the 9% rate to 13%. Press publications move from 5% to 9%.",Estonian Tax and Customs Board (EMTA),https://emta.ee/en/business-client/taxes-and-payment/value-added-tax,"Act amending the Value Added Tax Act (147 SE), adopted by the Riigikogu on 19 June 2023"
ES,reduced,2,4,2025-01-01,2024-06-27,enacted,End of the temporary food VAT relief,"The temporary food VAT relief ends. Basic foods (bread, flour, milk, cheese, eggs, fruit, vegetables, legumes and cereals) and olive oil return from 2% to 4%, and seed oils and pasta from 7.5% to 10%.",Agencia Tributaria (AEAT),https://sede.agenciatributaria.gob.es/Sede/iva/novedades-iva/novedades-normativa-2024/principales-novedades-tributarias-introducidas-real-junio.html,Real Decreto-ley 4/2024 of 26 June 2024 (BOE of 27 June 2024)
FI,reduced,10,14,2025-01-01,2024-12-05,enacted,,"Most supplies previously taxed at 10% (including books, medicines, passenger transport, accommodation, sports and fitness, and admission to cultural and sports events) move to 14%. Sanitary protection products and baby diapers move from 25.5% to 14%. Newspapers and magazines stay at 10%.",Finnish Tax Administration (Vero),https://vero.fi/en/businesses-and-corporations/taxes-and-charges/vat/rates-of-vat/,"Act 691/2024 amending the VAT Act (HE 141/2024), Finlex SK 691/2024"
MT,reduced,5,0,2025-01-01,,enacted,,Certain sanitary items essential for women's health move from the 5% reduced rate to a zero rate.,Government of Malta (legislation.mt),https://legislation.mt/eli/ln/2024/354/eng/pdf,"Legal Notice 354 of 2024, Value Added Tax Act (Amendment of Eighth Schedule) Regulations 2024"
NL,reduced,9,21,2025-01-01,2023-12-27,enacted,,"Several agricultural goods and services (table I, posts 2, 3, 4, 40, 41 and 43 to 46 of the VAT Act) lose the 9% rate and are taxed at 21%.",Staatsblad,https://zoek.officielebekendmakingen.nl/stb-2023-499.html,"Belastingplan 2024, Stb. 2023, 499, Art. XVI"
SI,reduced,9.5,22,2025-01-01,2024-12-10,enacted,,Sugar-sweetened beverages and preparations for making them leave the 9.5% reduced rate and are taxed at the general 22% rate.,Uradni list Republike Slovenije,https://www.uradni-list.si/glasilo-uradni-list-rs/vsebina/2024-01-3310,"Act amending the VAT Act (ZDDV-1O), Uradni list RS 104/2024"
SK,reduced,10,19,2025-01-01,2024-10-25,enacted,Public finance consolidation,"The 10% reduced rate is abolished and replaced by two reduced rates. Non-alcoholic drinks served in restaurants (previously 10%), electricity and most foods (previously 20%) move to 19%. Selected foods, medicines, medical devices, accommodation, books and meals in restaurants move to 5%. Cable cars, ski lifts and access to sports facilities move to the 23% standard rate.",Financial Directorate of the Slovak Republic,https://www.financnasprava.sk/_img/pfsedit/Dokumenty_PFS/Zverejnovanie_dok/Dane/Novinky_leg/Nepriame_dane/2024/2024.12.19_005_DPH_2024_I.pdf,"Act No. 278/2024 Coll., Art. VII (VAT Act § 27 paras 2 and 3); Financial Directorate information 5/DPH/2024/I"
SK,standard,20,23,2025-01-01,2024-10-25,enacted,Public finance consolidation,The standard rate rises from 20% to 23%.,Slov-Lex (Collection of Laws),https://static.slov-lex.sk/pdf/SK/ZZ/2024/278/ZZ_2024_278.pdf,"Act No. 278/2024 Coll., Art. VII (VAT Act § 27)"
AT,reduced,0,20,2025-04-01,2025-03-18,enacted,Budget consolidation,Photovoltaic modules (up to 35 kWp on or near certain buildings) leave the temporary 0% rate and are taxed at the standard 20% rate again. Supplies under contracts signed before 7 March 2025 keep 0% until 31 December 2025.,Federal Ministry of Finance (BMF),https://www.bmf.gv.at/themen/steuern/fuer-unternehmen/umsatzsteuer/informationen/steuersatz-fuer-photovoltaikmodule.html,"Budgetsanierungsmaßnahmengesetz 2025, BGBl. I Nr. 7/2025 (UStG 1994 § 28 Abs. 62)"
CY,reduced,19,9,2025-04-01,2025-03-28,enacted,Measure against inflationary pressures,"Electricity under the domestic tariffs (tariffs 01, 02 and 08 and storage tariff 56 of the Electricity Authority) moves from the 19% rate to 9% for consumption metered from 1 April 2025.",Cyprus Official Gazette (via CyLaw),https://cylaw.org/KDP/data/2025_1_92.pdf,"Decree K.D.P. 92/2025 (Official Gazette No 5935, 28 March 2025)"
EE,standard,22,24,2025-07-01,2024-12-11,enacted,Security tax package,The standard rate rises from 22% to 24%.,Estonian Tax and Customs Board (EMTA),https://emta.ee/en/business-client/taxes-and-payment/value-added-tax,"Security Tax Act (Julgeolekumaksu seadus), RT I, 02.01.2025, 2, adopted by the Riigikogu on 11 December 2024"
FR,reduced,5.5,20,2025-08-01,2025-02-14,enacted,,The fixed subscription part of electricity and gas supplies distributed by networks moves from the 5.5% rate to the standard 20% rate for subscription periods starting on or after 1 August 2025.,Direction générale des Finances publiques (BOFiP),https://bofip.impots.gouv.fr/bofip/14639-PGP.html/ACTU-2025-00057,"Loi n° 2025-127 du 14 février 2025 de finances pour 2025, art. 20"
RO,reduced,9,11,2025-08-01,2025-07-25,enacted,Fiscal and budgetary measures,"The 5% and 9% reduced rates are replaced by a single 11% rate: books, press, museums and zoos, firewood and district heating (previously 5%), and food, medicines, water, hotels, restaurants and catering (previously 9%). Access to sports events and some other items previously at 9% move to the 21% standard rate.",ANAF (National Agency for Fiscal Administration),https://static.anaf.ro/static/10/Anaf/legislatie/L_141_2025.pdf,"Law 141/2025 on certain fiscal and budgetary measures (Monitorul Oficial 699 of 25 July 2025), art. 291 Fiscal Code"
RO,standard,19,21,2025-08-01,2025-07-25,enacted,Fiscal and budgetary measures,The standard rate rises from 19% to 21%.,ANAF (National Agency for Fiscal Administration),https://static.anaf.ro/static/10/Anaf/legislatie/L_141_2025.pdf,"Law 141/2025 on certain fiscal and budgetary measures (Monitorul Oficial 699 of 25 July 2025), art. 291 Fiscal Code"
IE,reduced,13.5,9,2025-10-08,2025-10-07,enacted,Housing supply: viability of apartment construction,Sales of completed apartments move from the 13.5% rate to 9%. The reduced rate applies until 31 December 2030.,Department of Finance (Budget 2026 statement),https://www.gov.ie/en/department-of-finance/speeches/statement-by-minister-donohoe-on-budget-2026/,"Finance Act 2025, section 70 (VAT Consolidation Act 2010, section 46(1) and Schedule 3 paragraph 9A); Budget 2026 statement of 7 October 2025"
AT,reduced,10,0,2026-01-01,2025-06-30,enacted,,"Feminine hygiene products (previously 10%) and contraceptives (previously 20%) become exempt with the right to deduct input VAT, which works as a 0% rate.",Rechtsinformationssystem des Bundes (RIS),https://www.ris.bka.gv.at/Dokumente/BgblAuth/BGBLA_2025_I_25/BGBLA_2025_I_25.html,"Budgetbegleitgesetz 2025, BGBl. I Nr. 25/2025 (UStG 1994 § 6 Abs. 1 Z 5b)"
DE,reduced,19,7,2026-01-01,2025-12-23,enacted,,Restaurant and catering services move from 19% to 7% for food. Beverages stay at 19%.,Bundesgesetzblatt,https://www.recht.bund.de/bgbl/1/2025/363/VO.html,"Steueränderungsgesetz 2025, BGBl. 2025 I Nr. 363, Art. 4 (UStG § 12 Abs. 2 Nr. 15)"
FI,reduced,14,13.5,2026-01-01,2025-12-22,enacted,,"The reduced rate on food, restaurant and catering services, books, medicines, passenger transport, accommodation and the other supplies at 14% is lowered to 13.5%. Public broadcasting moves from 10% to 13.5%.",Finnish Tax Administration (Vero),https://vero.fi/en/businesses-and-corporations/taxes-and-charges/vat/rates-of-vat/,"Act 1358/2025 amending section 85 of the VAT Act (HE 93/2025), Finlex SK 1358/2025"
HU,reduced,27,5,2026-01-01,2025-11-20,enacted,,Beef and bovine offal fit for human consumption move from the 27% rate to 5%.,Hungarian Tax Authority (NAV),https://nav.gov.hu/ado/adozasi_kerdes/2026_2._Adozasi_kerdes_-_A_haziasitott_szarvasmarha_elelmezesi_celra_alkalmas_husa_vagasi_mellektermeke_es_belsosege_ertekesitesenek_5_-os_adomertekerol,"2025. évi LXXXIII. törvény (VAT Act Annex 3, row 60); NAV tax question 2026/2"
LT,reduced,9,12,2026-01-01,,enacted,,"Accommodation services, passenger transport on regular routes and visits to art and cultural institutions and events move from the 9% rate to 12%. Printed and electronic books move from 9% to 5%. District heating, hot water and household firewood no longer qualify for the 9% rate.",State Tax Inspectorate (VMI),https://www.vmi.lt/evmi/lengvatinis-12-proc.-pvm-tarifas-19-str.-,Law amending Article 19 of the VAT Law No IX-751 (Article 2(5)); VMI guidance KM0172 of 28 November 2025
NL,reduced,9,21,2026-01-01,2024-12-23,enacted,,"Short-stay lodging (hotels, holiday parks, guest houses) moves from the 9% rate to 21%. Separately charged facilities such as breakfast or pool access can stay at 9%, and camping pitches stay at 9%.",Belastingdienst,https://www.belastingdienst.nl/wps/wcm/connect/bldcontentnl/berichten/nieuws/btw-logies,"Belastingplan 2025, Stb. 2024, 434, Art. XXI B, as amended by Stb. 2025, 339"
SK,reduced,19,23,2026-01-01,2025-10-09,enacted,Public finance consolidation,"Several kinds of food, including sugar confectionery and chocolate products, move from the 19% reduced rate to the 23% standard rate.",Financial Administration of the Slovak Republic,https://www.financnasprava.sk/sk/podnikatelia/dane/dan-z-pridanej-hodnoty/sadzby-dane,Act No. 261/2025 Coll. and Act No. 385/2025 Coll. (VAT Act Annex 7 point 1)
BE,reduced,6,12,2026-03-01,,enacted,,"Accommodation in hotels and similar establishments, holiday accommodation and camping or caravan pitches move from the 6% rate to 12%, as reported by Belgium to the European Commission.",European Commission TEDB (rates reported by Belgium),https://ec.europa.eu/taxation_customs/tedb/#/vat-search,"Royal Decree No 20, Table B category IV, as reported to the European Commission (TEDB version of 1 March 2026)"
FR,reduced,10,5.5,2026-03-01,2026-02-19,enacted,Harmonisation of rates for public waste management,"Household and similar waste collection and treatment services, and the services that contribute to them, are all taxed at 5.5%. Some of these services were taxed at 10%.",Direction générale des Finances publiques (BOFiP),https://bofip.impots.gouv.fr/bofip/15015-PGP.html/ACTU-2026-00063,"Loi n° 2026-103 du 19 février 2026 de finances pour 2026, art. 81, II"
ES,reduced,21,10,2026-03-22,2026-03-20,enacted,Plan Integral de Respuesta a la Crisis en Oriente Medio,"Temporary 10% rate on electricity (contracts under 10 kW and social-bonus holders), natural gas, briquettes, pellets and firewood, and on motor fuels, from 22 March 2026 until 30 June 2026 at the latest.",Agencia Tributaria (AEAT),https://sede.agenciatributaria.gob.es/Sede/todas-noticias/2026/marzo/23/medidas-materia-tributacion.html,"Real Decreto-ley 7/2026 of 20 March 2026, art. 42 (BOE of 21 March 2026)"
PL,reduced,23,8,2026-03-31,2026-03-28,enacted,Temporary fuel price relief,"Temporary 8% rate on motor petrol, diesel and self-standing biocomponents from 31 March 2026. The period was extended in steps to 30 June 2026.",Dziennik Ustaw (ELI),https://eli.gov.pl/eli/DU/2026/417/ogl/pol/pdf,"Regulation of the Minister of Finance and Economy of 28 March 2026 (Dz.U. 2026 poz. 417), § 11a"
SE,reduced,12,6,2026-04-01,2026-02-26,enacted,,"Sales of food, including takeaway food and bottled water, move from 12% to 6% until 31 December 2027. Food and drink consumed at a restaurant or cafe stay at 12%. Spirits, wine and strong beer are excluded.",Svensk författningssamling,https://www.svenskforfattningssamling.se/sites/default/files/sfs/2026-02/SFS2026-118.pdf,"SFS 2026:118 (Prop. 2025/26:55, bet. 2025/26:SkU9); Skatteverket: VAT rates and VAT exemption"
CY,reduced,5,0,2026-04-06,2026-03-27,enacted,Measure against inflationary pressures,"Fresh, chilled and frozen meat and fish (beef, pork, lamb and goat, poultry, rabbit, fish, cuttlefish, squid and octopus) move from the 5% rate to 0% until 30 September 2026. Processed meat and fish products stay at 5%.",Cyprus Tax Department,https://www.gov.cy/oikonomia/tmima-forologias-epivoli-midenikou-syntelesti-fpa-se-kreata-kai-psaria-apo-6-apriliou-2026-mechri-30-septemvriou-2026/,"Decree K.D.P. 168/2026 (Official Gazette No 6012, 27 March 2026)"
CY,reduced,9,5,2026-05-01,2026-03-27,enacted,Measure against inflationary pressures,Electricity under the same domestic tariffs moves from 9% to 5% for consumption metered from 1 May 2026 until 31 March 2027.,Cyprus Official Gazette (via CyLaw),https://www.cylaw.org/KDP/data/2026_1_167.pdf,"Decree K.D.P. 167/2026 (Official Gazette No 6012, 27 March 2026)"
ES,reduced,10,21,2026-06-01,2026-03-20,enacted,,"The temporary 10% rate on electricity, natural gas, briquettes, pellets and firewood ended on 31 May 2026. The standard 21% rate applies again from 1 June 2026.",Agencia Tributaria (AEAT),https://sede.agenciatributaria.gob.es/Sede/todas-noticias/2026/junio/30/medidas-tributarias-real-decreto-ley-182026.html,"Real Decreto-ley 7/2026, art. 42; Real Decreto-ley 18/2026 of 29 June 2026 (BOE-A-2026-14112)"
AT,reduced,10,4.9,2026-07-01,2026-06-10,enacted,Measure to dampen inflation,"Selected basic foods listed in the new Annex 3 to the VAT Act (milk, butter, eggs, rice, wheat flour, pasta, bread, most vegetables including frozen, and common fruit) move from the 10% rate to a new 4.9% rate.",Rechtsinformationssystem des Bundes (RIS),https://www.ris.bka.gv.at/Dokumente/BgblAuth/BGBLA_2026_I_37/BGBLA_2026_I_37.html,"BGBl. I Nr. 37/2026, amendment of the Umsatzsteuergesetz 1994 (§ 10 Abs. 1a and Annex 3)"
ES,reduced,10,21,2026-07-01,2026-03-20,enacted,,The temporary 10% rate on motor fuels ended on 30 June 2026. The standard 21% rate applies again from 1 July 2026.,Agencia Tributaria (AEAT),https://sede.agenciatributaria.gob.es/static_files/Sede/Tema/IVA/IVA_reperc/Tipos_IVA_2026.pdf,"Real Decreto-ley 7/2026, art. 42; AEAT table of VAT rates 2026"
IE,reduced,13.5,9,2026-07-01,2025-10-07,enacted,Programme for Government commitment to support businesses,"Food and catering services, including the food and catering provided by hotels, and hairdressing return to the 9% rate. Hotel accommodation is excluded.",Department of Finance,https://www.gov.ie/en/department-of-finance/press-releases/government-marks-reduction-of-vat-rate-to-9-for-food-businesses-and-hairdressers/,Budget 2026 statement of 7 October 2025; Department of Finance press release of 30 June 2026; Revenue guidance on restaurant and catering services
LV,reduced,21,12,2026-07-01,2025-12-18,enacted,Pilot project,"Bread, milk, poultry meat and eggs listed in Annex 2 to the VAT Law are taxed at the 12% rate as a pilot project from 1 July 2026 to 30 June 2027.",Ministry of Finance of Latvia,https://www.fm.gov.lv/lv/izmainas-nodoklu-un-finansu-joma-sakot-ar-2026-gadu,"VAT Law, Article 42(16)(2) and transitional provision 48 (amendments adopted on 3 December 2025, published on 18 December 2025)"
PL,reduced,8,23,2026-07-01,2026-06-12,enacted,,The temporary 8% rate on motor fuels ended after 30 June 2026 and the standard 23% rate applies again.,Dziennik Ustaw (ELI),https://eli.gov.pl/api/acts/DU/2026/771/text/O/D20260771.pdf,Regulation of the Minister of Finance and Economy of 12 June 2026 (Dz.U. 2026 poz. 771) amending § 11a
SE,reduced,25,6,2026-07-01,2026-05-28,enacted,,"Admission to dance events moves from 25% to 6%, the rate for concerts, theatre and circus performances.",Svensk författningssamling,https://www.svenskforfattningssamling.se/sites/default/files/sfs/2026-05/SFS2026-841.pdf,"SFS 2026:841 (Prop. 2025/26:109, bet. 2025/26:SkU25)"
PL,reduced,23,8,2026-08-17,2026-08-13,enacted,Temporary fuel price relief,"The 8% rate on motor petrol, diesel and self-standing biocomponents applies again from 17 to 31 August 2026.",Dziennik Ustaw (ELI),https://eli.gov.pl/api/acts/DU/2026/1095/text/O/D20261095.pdf,"Regulation of the Minister of Finance and Economy of 13 August 2026 (Dz.U. 2026 poz. 1095), § 11b"
HU,reduced,5,0,2026-09-01,2026-08-11,enacted,To make prescription medicines more affordable,"Prescription-only medicines, human magistral preparations, medical radioactive isotopes and medical oxygen move from the 5% rate to 0%.",Hungarian Tax Authority (NAV),https://nav.gov.hu/ado/afa/Tajekoztato_a_venykoteles_gyogyszerek_adomertekerol,"Act amending the VAT Act, adopted by Parliament on 11 August 2026; NAV notice of 1 September 2026"
PL,reduced,8,23,2026-09-01,2026-08-13,enacted,,The second temporary 8% window on motor fuels ended on 31 August 2026 and the standard 23% rate applies again.,Dziennik Ustaw (ELI),https://eli.gov.pl/api/acts/DU/2026/1095/text/O/D20261095.pdf,"Regulation of the Minister of Finance and Economy of 13 August 2026 (Dz.U. 2026 poz. 1095), § 11b"
HU,reduced,27,5,2026-09-15,2026-09-01,enacted,,"Firewood (logs, stumps, brushwood and bundles) and sawdust, wood waste, pellets and briquettes for heating (rows 61 and 62 of Annex 3 to the VAT Act) move from the 27% rate to 5%.",Hungarian Tax Authority (NAV),https://nav.gov.hu/ado/adozasi_kerdes/2026_6._Adozasi_kerdes_-_A_tuzifa_ertekesitese_5_-os_adomertekerol,2026. évi XLVIII. törvény; NAV tax question 2026/6
CY,reduced,0,5,2026-10-01,2026-03-27,enacted,,"The temporary 0% rate on fresh, chilled and frozen meat and fish ended on 30 September 2026 and the 5% rate applies again. The Cabinet has announced a renewal from 12 October 2026.",Cyprus Tax Department,https://www.gov.cy/oikonomia/tmima-forologias-epivoli-midenikou-syntelesti-fpa-se-kreata-kai-psaria-apo-6-apriliou-2026-mechri-30-septemvriou-2026/,"Decree K.D.P. 168/2026 (Official Gazette No 6012, 27 March 2026)"
CY,reduced,5,0,2026-10-12,2026-09-30,announced,,"The Cabinet announced that the 0% rate on meat, fish and poultry is renewed from 12 October 2026 until 31 May 2027 and extended to bread, milk and dairy products, coffee, sugar and baby food. The decree has not been published yet.",Cyprus Ministry of Finance,https://www.gov.cy/oikonomia/dilosi-ypourgou-oikonomikon-k-maki-keravnou-meta-to-peras-tis-synedrias-tou-ypourgikou-symvouliou/,"Statement of the Minister of Finance after the Council of Ministers, 30 September 2026"
ES,reduced,21,10,2026-11-01,2026-09-30,announced,Plan Integral de Respuesta a la Crisis en Oriente Medio,"Real Decreto-ley 25/2026 restores the 10% rate on electricity (contracts under 10 kW and social-bonus holders), natural gas, briquettes, pellets and firewood in November 2026 only if the September electricity CPI is more than 15% above the previous year, and in December 2026 only if the October CPI is. The conditions are checked when the CPI is published.",Boletín Oficial del Estado,https://www.boe.es/diario_boe/txt.php?id=BOE-A-2026-20265,"Real Decreto-ley 25/2026 of 29 September 2026, arts. 18 and 19 (BOE of 30 September 2026)"
ES,reduced,21,10,2026-12-01,2026-09-30,announced,,"Real Decreto-ley 26/2026 moves renovation and repair works on dwellings rented as the tenant's habitual home, whoever the landlord is, from 21% to 10% from 1 December 2026. As a decree-law it still has to be validated by Congress.",Boletín Oficial del Estado,https://www.boe.es/diario_boe/txt.php?id=BOE-A-2026-20266,"Real Decreto-ley 26/2026 of 29 September 2026, art. 7 (BOE of 30 September 2026)"
CZ,reduced,21,12,2027-01-01,2026-09-17,announced,,"Non-alcoholic drinks served in catering services move from 21% to 12% under the EET 2.0 act, which the President signed on 17 September 2026. Its publication in the Collection of Laws and the date of effect still have to be confirmed; the government bill proposed 1 January 2027.",Czech Ministry of Finance (EET),https://eet.gov.cz/cs/pro-media/tiskove-zpravy/2026/prezident-podepsal-zakon-o-eet-2-0-evidence-trzeb-1315,"Act on the registration of sales (EET 2.0), signed by the President on 17 September 2026"
HU,reduced,5,27,2027-01-01,2024-11-29,enacted,,The 5% rate on sales of new homes (flats up to 150 square metres and houses up to 300 square metres) ends on 31 December 2026 and the 27% rate applies from 1 January 2027. Transitional rules keep 5% until 31 December 2030 for advance payments and sales under qualifying conditions.,Hungarian Tax Authority (NAV),https://nav.gov.hu/ado/afa/Ujabb_ket_evig_marad_az_ujepitesu_lakasok_5_szazalekos_afaja,2024. évi LV. törvény § 53; NAV information on the new-home rate
PL,reduced,5,23,2027-01-01,2026-09-22,announced,Public health,"Non-alcoholic equivalents of beer and wine (0.0% to 0.5% alcohol) and drinks with caffeine or taurine move to the 23% rate, from 5% in retail and 8% in catering. The Council of Ministers adopted the bill; the Sejm still has to approve it.",National Revenue Administration (gov.pl),https://www.gov.pl/web/kas/rzad-przyjal-przepisy-likwidujace-preferencyjne-opodatkowanie-napojow-bezalkoholowych-ktore-sa-odpowiednikami-napojow-alkoholowych-oraz-napojow-energetyzujacych,Council of Ministers bill amending the VAT Act (22 September 2026)
CY,reduced,5,19,2027-04-01,2026-03-27,enacted,,The temporary 5% rate on electricity under the domestic tariffs applies to consumption metered until 31 March 2027. The standard 19% rate applies again afterwards unless the measure is extended.,Cyprus Official Gazette (via CyLaw),https://www.cylaw.org/KDP/data/2026_1_167.pdf,"Decree K.D.P. 167/2026 (Official Gazette No 6012, 27 March 2026)"
LV,reduced,12,21,2027-07-01,2025-12-18,enacted,End of the pilot project,"The pilot 12% rate on bread, milk, poultry meat and eggs applies until 30 June 2027. The standard 21% rate applies again from 1 July 2027 unless the law is extended.",Latvian VAT Law (likumi.lv),https://likumi.lv/ta/id/253451-pievienotas-vertibas-nodokla-likums,"VAT Law, Article 42(16)(2) and transitional provision 48 (amendments adopted on 3 December 2025, published on 18 December 2025)"
NL,reduced,9,21,2028-01-01,2026-09-15,announced,Tax Plan 2027,"Flowers, plants and bulbs (ornamental horticulture) and balloon rides move from the 9% rate to 21%. The bill was submitted on 15 September 2026; the House of Representatives and the Senate vote in November and December 2026.",Rijksoverheid,https://www.rijksoverheid.nl/themas/belastingen-uitkeringen-en-toeslagen/belastingplan/plannen-kabinet-voor-hogere-btw-op-sierteelt-en-ballonvaart,Belastingplan 2027 (bill submitted on 15 September 2026)
SE,reduced,6,12,2028-01-01,2026-02-26,enacted,End of the temporary food VAT cut,The temporary 6% rate on food ends and the 12% rate is restored for sales of the same foods.,Svensk författningssamling,https://www.svenskforfattningssamling.se/sites/default/files/sfs/2026-02/SFS2026-119.pdf,"SFS 2026:119 (Prop. 2025/26:55, bet. 2025/26:SkU9)"
